speciesCode,commonName,scientificName,locId,locName,observationDate,observationCount,latitude,longitude,obsValid,obsReviewed,locationPrivate,subId,exoticCategory
grefla3,Greater Flamingo,Phoenicopterus roseus,L11555142,Thakurli Wetlands,2026-03-01 09:41,100.0,19.2314433,73.1118504,True,False,False,S304819091,
rocpig,Rock Pigeon,Columba livia,L42609784,"Anand Baugh Society,",2026-03-01 09:22,1.0,18.5052207,73.8404636,True,False,True,S304818626,N
renibi1,Red-naped Ibis,Pseudibis papillosa,L42609784,"Anand Baugh Society,",2026-03-01 09:22,1.0,18.5052207,73.8404636,True,False,True,S304818626,
blakit1,Black Kite,Milvus migrans,L42609784,"Anand Baugh Society,",2026-03-01 09:22,5.0,18.5052207,73.8404636,True,False,True,S304818626,
rorpar,Rose-ringed Parakeet,Psittacula krameri,L42609784,"Anand Baugh Society,",2026-03-01 09:22,6.0,18.5052207,73.8404636,True,False,True,S304818626,
houcro1,House Crow,Corvus splendens,L42609784,"Anand Baugh Society,",2026-03-01 09:22,5.0,18.5052207,73.8404636,True,False,True,S304818626,
labcro1,Large-billed Crow,Corvus macrorhynchos,L42609784,"Anand Baugh Society,",2026-03-01 09:22,2.0,18.5052207,73.8404636,True,False,True,S304818626,
comtai1,Common Tailorbird,Orthotomus sutorius,L42609784,"Anand Baugh Society,",2026-03-01 09:22,3.0,18.5052207,73.8404636,True,False,True,S304818626,
commyn,Common Myna,Acridotheres tristis,L42609784,"Anand Baugh Society,",2026-03-01 09:22,4.0,18.5052207,73.8404636,True,False,True,S304818626,
pursun3,Purple-rumped Sunbird,Leptocoma zeylonica,L42609784,"Anand Baugh Society,",2026-03-01 09:22,1.0,18.5052207,73.8404636,True,False,True,S304818626,
pursun4,Purple Sunbird,Cinnyris asiaticus,L42609784,"Anand Baugh Society,",2026-03-01 09:22,1.0,18.5052207,73.8404636,True,False,True,S304818626,
ingori1,Indian Golden Oriole,Oriolus kundoo,L54983127,"Nagpur, Maharashtra, IN (21.098, 79.055)",2026-03-01 09:16,1.0,21.097981,79.0552001,True,False,True,S304819068,
magrob,Oriental Magpie-Robin,Copsychus saularis,L54983127,"Nagpur, Maharashtra, IN (21.098, 79.055)",2026-03-01 09:16,2.0,21.097981,79.0552001,True,False,True,S304819068,
tibfly3,Tickell's Blue Flycatcher,Cyornis tickelliae,L54983127,"Nagpur, Maharashtra, IN (21.098, 79.055)",2026-03-01 09:16,1.0,21.097981,79.0552001,True,False,True,S304819068,
smamin1,Small Minivet,Pericrocotus cinnamomeus,L2602737,"Bhatye, Ratnagiri",2026-03-01 09:15,1.0,16.9713454,73.2946658,True,False,False,S304817164,
rewbul,Red-whiskered Bulbul,Pycnonotus jocosus,L2602737,"Bhatye, Ratnagiri",2026-03-01 09:15,1.0,16.9713454,73.2946658,True,False,False,S304817164,
revbul,Red-vented Bulbul,Pycnonotus cafer,L2602737,"Bhatye, Ratnagiri",2026-03-01 09:15,1.0,16.9713454,73.2946658,True,False,False,S304817164,
whcbar1,White-cheeked Barbet,Psilopogon viridis,L59384546,"Natondi, Maharashtra, IN (17.994, 73.423)",2026-03-01 08:57,1.0,17.9940685,73.4225169,True,False,True,S304816263,
blnmon1,Black-naped Monarch,Hypothymis azurea,L59384546,"Natondi, Maharashtra, IN (17.994, 73.423)",2026-03-01 08:57,1.0,17.9940685,73.4225169,True,False,True,S304816263,
ashpri1,Ashy Prinia,Prinia socialis,L59384546,"Natondi, Maharashtra, IN (17.994, 73.423)",2026-03-01 08:57,1.0,17.9940685,73.4225169,True,False,True,S304816263,
indwhe1,Indian White-eye,Zosterops palpebrosus,L59384546,"Natondi, Maharashtra, IN (17.994, 73.423)",2026-03-01 08:57,4.0,17.9940685,73.4225169,True,False,True,S304816263,
junbab2,Jungle Babbler,Argya striata,L59384546,"Natondi, Maharashtra, IN (17.994, 73.423)",2026-03-01 08:57,5.0,17.9940685,73.4225169,True,False,True,S304816263,
thbflo1,Thick-billed Flowerpecker,Pachyglossa agilis,L59384546,"Natondi, Maharashtra, IN (17.994, 73.423)",2026-03-01 08:57,1.0,17.9940685,73.4225169,True,False,True,S304816263,
crbsun2,Crimson-backed Sunbird,Leptocoma minima,L59384546,"Natondi, Maharashtra, IN (17.994, 73.423)",2026-03-01 08:57,1.0,17.9940685,73.4225169,True,False,True,S304816263,
chspet1,Yellow-throated Sparrow,Gymnoris xanthocollis,L59384546,"Natondi, Maharashtra, IN (17.994, 73.423)",2026-03-01 08:57,4.0,17.9940685,73.4225169,True,False,True,S304816263,
purswa3,Gray-headed Swamphen,Porphyrio poliocephalus,L22137580,Karave Wetlands,2026-03-01 08:46,4.0,19.0134464,73.0047941,True,False,False,S304818385,
bkwsti,Black-winged Stilt,Himantopus himantopus,L22137580,Karave Wetlands,2026-03-01 08:46,12.0,19.0134464,73.0047941,True,False,False,S304818385,
comsan,Common Sandpiper,Actitis hypoleucos,L22137580,Karave Wetlands,2026-03-01 08:46,6.0,19.0134464,73.0047941,True,False,False,S304818385,
grnsan,Green Sandpiper,Tringa ochropus,L22137580,Karave Wetlands,2026-03-01 08:46,3.0,19.0134464,73.0047941,True,False,False,S304818385,
whiter2,Whiskered Tern,Chlidonias hybrida,L22137580,Karave Wetlands,2026-03-01 08:46,20.0,19.0134464,73.0047941,True,False,False,S304818385,
paisto1,Painted Stork,Mycteria leucocephala,L22137580,Karave Wetlands,2026-03-01 08:46,10.0,19.0134464,73.0047941,True,False,False,S304818385,
indcor1,Indian Cormorant,Phalacrocorax fuscicollis,L22137580,Karave Wetlands,2026-03-01 08:46,30.0,19.0134464,73.0047941,True,False,False,S304818385,
gloibi,Glossy Ibis,Plegadis falcinellus,L22137580,Karave Wetlands,2026-03-01 08:46,1.0,19.0134464,73.0047941,True,False,False,S304818385,
litegr,Little Egret,Egretta garzetta,L22137580,Karave Wetlands,2026-03-01 08:46,15.0,19.0134464,73.0047941,True,False,False,S304818385,
greegr,Great Egret,Ardea alba,L22137580,Karave Wetlands,2026-03-01 08:46,50.0,19.0134464,73.0047941,True,False,False,S304818385,
laudov1,Laughing Dove,Spilopelia senegalensis,L7752602,Around the house,2026-03-01 08:20,1.0,20.9922646,77.7542886,True,False,True,S304812932,
asikoe2,Asian Koel,Eudynamys scolopaceus,L7752602,Around the house,2026-03-01 08:20,1.0,20.9922646,77.7542886,True,False,True,S304812932,
clrwar1,Clamorous Reed Warbler,Acrocephalus stentoreus,L7752602,Around the house,2026-03-01 08:20,1.0,20.9922646,77.7542886,True,False,True,S304812932,
aspsta2,Indian Pied Starling,Gracupica contra,L7752602,Around the house,2026-03-01 08:20,4.0,20.9922646,77.7542886,True,False,True,S304812932,
brasta1,Brahminy Starling,Sturnia pagodarum,L7752602,Around the house,2026-03-01 08:20,6.0,20.9922646,77.7542886,True,False,True,S304812932,
indcha1,Brown Rock Chat,Oenanthe fusca,L7752602,Around the house,2026-03-01 08:20,2.0,20.9922646,77.7542886,True,False,True,S304812932,
houspa,House Sparrow,Passer domesticus,L7752602,Around the house,2026-03-01 08:20,4.0,20.9922646,77.7542886,True,False,True,S304812932,
cohcuc1,Common Hawk-Cuckoo,Hierococcyx varius,L17109238,"Kanhargaon, Maharashtra, IN (19.738, 79.556)",2026-03-01 08:19,,19.737526,79.5559783,True,False,True,S304811873,
yewlap2,Yellow-wattled Lapwing,Vanellus malabaricus,L17109238,"Kanhargaon, Maharashtra, IN (19.738, 79.556)",2026-03-01 08:19,,19.737526,79.5559783,True,False,True,S304811873,
rewlap1,Red-wattled Lapwing,Vanellus indicus,L17109238,"Kanhargaon, Maharashtra, IN (19.738, 79.556)",2026-03-01 08:19,,19.737526,79.5559783,True,False,True,S304811873,
grnbee3,Asian Green Bee-eater,Merops orientalis,L17109238,"Kanhargaon, Maharashtra, IN (19.738, 79.556)",2026-03-01 08:19,,19.737526,79.5559783,True,False,True,S304811873,
copbar1,Coppersmith Barbet,Psilopogon haemacephalus,L17109238,"Kanhargaon, Maharashtra, IN (19.738, 79.556)",2026-03-01 08:19,,19.737526,79.5559783,True,False,True,S304811873,
plhpar1,Plum-headed Parakeet,Psittacula cyanocephala,L17109238,"Kanhargaon, Maharashtra, IN (19.738, 79.556)",2026-03-01 08:19,,19.737526,79.5559783,True,False,True,S304811873,
blhori1,Black-hooded Oriole,Oriolus xanthornus,L17109238,"Kanhargaon, Maharashtra, IN (19.738, 79.556)",2026-03-01 08:19,,19.737526,79.5559783,True,False,True,S304811873,
ruftre2,Rufous Treepie,Dendrocitta vagabunda,L17109238,"Kanhargaon, Maharashtra, IN (19.738, 79.556)",2026-03-01 08:19,,19.737526,79.5559783,True,False,True,S304811873,
grewar3,Greenish Warbler,Phylloscopus trochiloides,L17109238,"Kanhargaon, Maharashtra, IN (19.738, 79.556)",2026-03-01 08:19,,19.737526,79.5559783,True,False,True,S304811873,
blared1,Black Redstart,Phoenicurus ochruros,L17109238,"Kanhargaon, Maharashtra, IN (19.738, 79.556)",2026-03-01 08:19,1.0,19.737526,79.5559783,True,False,True,S304811873,
isbduc1,Indian Spot-billed Duck,Anas poecilorhyncha,L13690359,Miraj canal,2026-03-01 08:16,5.0,16.8407965,74.6600229,True,False,False,S304819936,
gryfra,Gray Francolin,Ortygornis pondicerianus,L13690359,Miraj canal,2026-03-01 08:16,1.0,16.8407965,74.6600229,True,False,False,S304819936,
grecou1,Greater Coucal,Centropus sinensis,L13690359,Miraj canal,2026-03-01 08:16,1.0,16.8407965,74.6600229,True,False,False,S304819936,
commoo3,Eurasian Moorhen,Gallinula chloropus,L13690359,Miraj canal,2026-03-01 08:16,3.0,16.8407965,74.6600229,True,False,False,S304819936,
eurcoo,Eurasian Coot,Fulica atra,L13690359,Miraj canal,2026-03-01 08:16,1.0,16.8407965,74.6600229,True,False,False,S304819936,
whbwat1,White-breasted Waterhen,Amaurornis phoenicurus,L13690359,Miraj canal,2026-03-01 08:16,2.0,16.8407965,74.6600229,True,False,False,S304819936,
woosan,Wood Sandpiper,Tringa glareola,L13690359,Miraj canal,2026-03-01 08:16,5.0,16.8407965,74.6600229,True,False,False,S304819936,
litcor1,Little Cormorant,Microcarbo niger,L13690359,Miraj canal,2026-03-01 08:16,5.0,16.8407965,74.6600229,True,False,False,S304819936,
blhibi1,Black-headed Ibis,Threskiornis melanocephalus,L13690359,Miraj canal,2026-03-01 08:16,1.0,16.8407965,74.6600229,True,False,False,S304819936,
inpher1,Indian Pond-Heron,Ardeola grayii,L13690359,Miraj canal,2026-03-01 08:16,10.0,16.8407965,74.6600229,True,False,False,S304819936,
categr2,Eastern Cattle-Egret,Ardea coromanda,L13690359,Miraj canal,2026-03-01 08:16,3.0,16.8407965,74.6600229,True,False,False,S304819936,
purher1,Purple Heron,Ardea purpurea,L13690359,Miraj canal,2026-03-01 08:16,1.0,16.8407965,74.6600229,True,False,False,S304819936,
spoowl1,Spotted Owlet,Athene brama,L13690359,Miraj canal,2026-03-01 08:16,1.0,16.8407965,74.6600229,True,False,False,S304819936,
hoopoe,Common Hoopoe,Upupa epops,L13690359,Miraj canal,2026-03-01 08:16,2.0,16.8407965,74.6600229,True,False,False,S304819936,
comkin1,Common Kingfisher,Alcedo atthis,L13690359,Miraj canal,2026-03-01 08:16,1.0,16.8407965,74.6600229,True,False,False,S304819936,
whtkin2,White-throated Kingfisher,Halcyon smyrnensis,L13690359,Miraj canal,2026-03-01 08:16,2.0,16.8407965,74.6600229,True,False,False,S304819936,
comior1,Common Iora,Aegithina tiphia,L13690359,Miraj canal,2026-03-01 08:16,2.0,16.8407965,74.6600229,True,False,False,S304819936,
spbfan1,Spot-breasted Fantail,Rhipidura albogularis,L13690359,Miraj canal,2026-03-01 08:16,2.0,16.8407965,74.6600229,True,False,False,S304819936,
ashdro1,Ashy Drongo,Dicrurus leucophaeus,L13690359,Miraj canal,2026-03-01 08:16,2.0,16.8407965,74.6600229,True,False,False,S304819936,
lotshr1,Long-tailed Shrike,Lanius schach,L13690359,Miraj canal,2026-03-01 08:16,3.0,16.8407965,74.6600229,True,False,False,S304819936,
cintit13,Asian Tit,Parus cinereus,L13690359,Miraj canal,2026-03-01 08:16,2.0,16.8407965,74.6600229,True,False,False,S304819936,
barswa,Barn Swallow,Hirundo rustica,L13690359,Miraj canal,2026-03-01 08:16,4.0,16.8407965,74.6600229,True,False,False,S304819936,
whbbul2,White-browed Bulbul,Pycnonotus luteolus,L13690359,Miraj canal,2026-03-01 08:16,3.0,16.8407965,74.6600229,True,False,False,S304819936,
indrob1,Indian Robin,Copsychus fulicatus,L13690359,Miraj canal,2026-03-01 08:16,2.0,16.8407965,74.6600229,True,False,False,S304819936,
baywea1,Baya Weaver,Ploceus philippinus,L13690359,Miraj canal,2026-03-01 08:16,3.0,16.8407965,74.6600229,True,False,False,S304819936,
indsil,Indian Silverbill,Euodice malabarica,L13690359,Miraj canal,2026-03-01 08:16,2.0,16.8407965,74.6600229,True,False,False,S304819936,
eaywag1,Western Yellow Wagtail,Motacilla flava,L13690359,Miraj canal,2026-03-01 08:16,2.0,16.8407965,74.6600229,True,False,False,S304819936,
duscrm1,Dusky Crag-Martin,Ptyonoprogne concolor,L26983458,"Kohinoor city, phase 2, Kurla West",2026-03-01 08:15,3.0,19.077211,72.885147,True,False,True,S304813074,
bahgoo,Bar-headed Goose,Anser indicus,L30128376,Veer Dam--Northern banks,2026-03-01 08:07,100.0,18.1386595,74.087399,True,False,False,S304818145,
rudshe,Ruddy Shelduck,Tadorna ferruginea,L30128376,Veer Dam--Northern banks,2026-03-01 08:07,47.0,18.1386595,74.087399,True,False,False,S304818145,
tufduc,Tufted Duck,Aythya fuligula,L30128376,Veer Dam--Northern banks,2026-03-01 08:07,19.0,18.1386595,74.087399,True,False,False,S304818145,
kenplo1,Kentish Plover,Anarhynchus alexandrinus,L30128376,Veer Dam--Northern banks,2026-03-01 08:07,6.0,18.1386595,74.087399,True,False,False,S304818145,
smapra1,Small Pratincole,Glareola lactea,L30128376,Veer Dam--Northern banks,2026-03-01 08:07,31.0,18.1386595,74.087399,True,False,False,S304818145,
bnhgul1,Brown-headed Gull,Chroicocephalus brunnicephalus,L30128376,Veer Dam--Northern banks,2026-03-01 08:07,63.0,18.1386595,74.087399,True,False,False,S304818145,
gbhgul2,Pallas's Gull,Ichthyaetus ichthyaetus,L30128376,Veer Dam--Northern banks,2026-03-01 08:07,13.0,18.1386595,74.087399,True,False,False,S304818145,
rivter1,River Tern,Sterna aurantia,L30128376,Veer Dam--Northern banks,2026-03-01 08:07,67.0,18.1386595,74.087399,True,False,False,S304818145,
asiope1,Asian Openbill,Anastomus oscitans,L30128376,Veer Dam--Northern banks,2026-03-01 08:07,4.0,18.1386595,74.087399,True,False,False,S304818145,
wonsto1,Asian Woolly-necked Stork,Ciconia episcopus,L30128376,Veer Dam--Northern banks,2026-03-01 08:07,5.0,18.1386595,74.087399,True,False,False,S304818145,
grecor,Great Cormorant,Phalacrocorax carbo,L30128376,Veer Dam--Northern banks,2026-03-01 08:07,7.0,18.1386595,74.087399,True,False,False,S304818145,
eurspo1,Eurasian Spoonbill,Platalea leucorodia,L30128376,Veer Dam--Northern banks,2026-03-01 08:07,21.0,18.1386595,74.087399,True,False,False,S304818145,
graher1,Gray Heron,Ardea cinerea,L30128376,Veer Dam--Northern banks,2026-03-01 08:07,6.0,18.1386595,74.087399,True,False,False,S304818145,
wemhar1,Western Marsh Harrier,Circus aeruginosus,L30128376,Veer Dam--Northern banks,2026-03-01 08:07,3.0,18.1386595,74.087399,True,False,False,S304818145,
palhar1,Pallid Harrier,Circus macrourus,L30128376,Veer Dam--Northern banks,2026-03-01 08:07,1.0,18.1386595,74.087399,True,False,False,S304818145,
brakit1,Brahminy Kite,Haliastur indus,L30128376,Veer Dam--Northern banks,2026-03-01 08:07,4.0,18.1386595,74.087399,True,False,False,S304818145,
bladro1,Black Drongo,Dicrurus macrocercus,L30128376,Veer Dam--Northern banks,2026-03-01 08:07,21.0,18.1386595,74.087399,True,False,False,S304818145,
leswhi4,Lesser Whitethroat,Curruca curruca,L30128376,Veer Dam--Northern banks,2026-03-01 08:07,3.0,18.1386595,74.087399,True,False,False,S304818145,
yeebab1,Yellow-eyed Babbler,Chrysomma sinense,L30128376,Veer Dam--Northern banks,2026-03-01 08:07,1.0,18.1386595,74.087399,True,False,False,S304818145,
lagbab2,Large Gray Babbler,Argya malcolmi,L30128376,Veer Dam--Northern banks,2026-03-01 08:07,15.0,18.1386595,74.087399,True,False,False,S304818145,
rossta2,Rosy Starling,Pastor roseus,L30128376,Veer Dam--Northern banks,2026-03-01 08:07,19.0,18.1386595,74.087399,True,False,False,S304818145,
sibsto1,Siberian Stonechat,Saxicola maurus,L30128376,Veer Dam--Northern banks,2026-03-01 08:07,6.0,18.1386595,74.087399,True,False,False,S304818145,
whbwag1,White-browed Wagtail,Motacilla maderaspatensis,L30128376,Veer Dam--Northern banks,2026-03-01 08:07,4.0,18.1386595,74.087399,True,False,False,S304818145,
whiwag,White Wagtail,Motacilla alba,L30128376,Veer Dam--Northern banks,2026-03-01 08:07,8.0,18.1386595,74.087399,True,False,False,S304818145,
oripip1,Paddyfield Pipit,Anthus rufulus,L30128376,Veer Dam--Northern banks,2026-03-01 08:07,4.0,18.1386595,74.087399,True,False,False,S304818145,
tawpip1,Tawny Pipit,Anthus campestris,L30128376,Veer Dam--Northern banks,2026-03-01 08:07,3.0,18.1386595,74.087399,True,False,False,S304818145,
aspswi1,Asian Palm Swift,Cypsiurus balasiensis,L55407996,Swatantryaveer Vinayak Damodar Sawarkar Udyan,2026-03-01 07:58,12.0,19.1755221,72.8303909,True,False,False,S304812515,
pagplo,Pacific Golden-Plover,Pluvialis fulva,L55407996,Swatantryaveer Vinayak Damodar Sawarkar Udyan,2026-03-01 07:58,4.0,19.1755221,72.8303909,True,False,False,S304812515,
lirplo,Little Ringed Plover,Thinornis dubius,L55407996,Swatantryaveer Vinayak Damodar Sawarkar Udyan,2026-03-01 07:58,15.0,19.1755221,72.8303909,True,False,False,S304812515,
bktgod,Black-tailed Godwit,Limosa limosa,L55407996,Swatantryaveer Vinayak Damodar Sawarkar Udyan,2026-03-01 07:58,24.0,19.1755221,72.8303909,True,False,False,S304812515,
comred1,Common Redshank,Tringa totanus,L55407996,Swatantryaveer Vinayak Damodar Sawarkar Udyan,2026-03-01 07:58,1.0,19.1755221,72.8303909,True,False,False,S304812515,
alepar2,Alexandrine Parakeet,Psittacula eupatria,L55407996,Swatantryaveer Vinayak Damodar Sawarkar Udyan,2026-03-01 07:58,2.0,19.1755221,72.8303909,True,False,False,S304812515,
plapri1,Plain Prinia,Prinia inornata,L55407996,Swatantryaveer Vinayak Damodar Sawarkar Udyan,2026-03-01 07:58,1.0,19.1755221,72.8303909,True,False,False,S304812515,
blrwar1,Blyth's Reed Warbler,Acrocephalus dumetorum,L55407996,Swatantryaveer Vinayak Damodar Sawarkar Udyan,2026-03-01 07:58,1.0,19.1755221,72.8303909,True,False,False,S304812515,
witswa1,Wire-tailed Swallow,Hirundo smithii,L55407996,Swatantryaveer Vinayak Damodar Sawarkar Udyan,2026-03-01 07:58,2.0,19.1755221,72.8303909,True,False,False,S304812515,
pabflo1,Pale-billed Flowerpecker,Dicaeum erythrorhynchos,L55407996,Swatantryaveer Vinayak Damodar Sawarkar Udyan,2026-03-01 07:58,1.0,19.1755221,72.8303909,True,False,False,S304812515,
compea,Indian Peafowl,Pavo cristatus,L13625784,"Karjat, Raigad IN-MH 19.00307, 73.52173",2026-03-01 07:51,1.0,19.003066,73.52173,True,False,True,S304810269,
inghor2,Indian Gray Hornbill,Ocyceros birostris,L13625784,"Karjat, Raigad IN-MH 19.00307, 73.52173",2026-03-01 07:51,2.0,19.003066,73.52173,True,False,True,S304810269,
brhbar1,Brown-headed Barbet,Psilopogon zeylanicus,L13625784,"Karjat, Raigad IN-MH 19.00307, 73.52173",2026-03-01 07:51,1.0,19.003066,73.52173,True,False,True,S304810269,
comwoo1,Common Woodshrike,Tephrodornis pondicerianus,L13625784,"Karjat, Raigad IN-MH 19.00307, 73.52173",2026-03-01 07:51,2.0,19.003066,73.52173,True,False,True,S304810269,
gybpri1,Gray-breasted Prinia,Prinia hodgsonii,L13625784,"Karjat, Raigad IN-MH 19.00307, 73.52173",2026-03-01 07:51,2.0,19.003066,73.52173,True,False,True,S304810269,
taifly1,Taiga Flycatcher,Ficedula albicilla,L13625784,"Karjat, Raigad IN-MH 19.00307, 73.52173",2026-03-01 07:51,1.0,19.003066,73.52173,True,False,True,S304810269,
litswi1,Little Swift,Apus affinis,L8015914,"Shivaji Nagar, Jalgaon",2026-03-01 07:45,3.0,21.0211697,75.5660185,True,False,False,S304810622,
shikra1,Shikra,Tachyspiza badia,L21220984,"My Bird Sanctuary (Sawant House), Akola",2026-03-01 07:41,2.0,20.7161237,77.0110867,True,False,True,S304809415,
btbeat1,Blue-tailed Bee-eater,Merops philippinus,L13239490,"Mallika, R.B.Mehta road,Ghatkopar east",2026-03-01 07:41,4.0,19.0762657,72.9064865,True,False,True,S304810472,
babshr1,Bay-backed Shrike,Lanius vittatus,L20239081,Atharva Galaxy Apt. Shivaji HS Sangli .sugar Factory Mah.,2026-03-01 07:35,1.0,16.8809896,74.5820461,True,False,True,S304814036,
y00621,Eastern Red-rumped Swallow,Cecropis daurica,L20239081,Atharva Galaxy Apt. Shivaji HS Sangli .sugar Factory Mah.,2026-03-01 07:35,2.0,16.8809896,74.5820461,True,False,True,S304814036,
bcnher,Black-crowned Night Heron,Nycticorax nycticorax,L54384954,MDP Creek Road,2026-03-01 07:31,4.0,19.1732456,72.8331276,True,False,True,S304808224,
lewduc1,Lesser Whistling-Duck,Dendrocygna javanica,L22473990,"MTDC Road, Moharli, Maharashtra, IN (20.19, 79.338)",2026-03-01 07:28,5.0,20.1899652,79.3382447,True,False,True,S304814733,
copgoo1,Cotton Pygmy-Goose,Nettapus coromandelianus,L22473990,"MTDC Road, Moharli, Maharashtra, IN (20.19, 79.338)",2026-03-01 07:28,31.0,20.1899652,79.3382447,True,False,True,S304814733,
grejun2,Gray Junglefowl,Gallus sonneratii,L22473990,"MTDC Road, Moharli, Maharashtra, IN (20.19, 79.338)",2026-03-01 07:28,6.0,20.1899652,79.3382447,True,False,True,S304814733,
spodov,Spotted Dove,Spilopelia chinensis,L22473990,"MTDC Road, Moharli, Maharashtra, IN (20.19, 79.338)",2026-03-01 07:28,6.0,20.1899652,79.3382447,True,False,True,S304814733,
brwjac1,Bronze-winged Jacana,Metopidius indicus,L22473990,"MTDC Road, Moharli, Maharashtra, IN (20.19, 79.338)",2026-03-01 07:28,2.0,20.1899652,79.3382447,True,False,True,S304814733,
integr1,Medium Egret,Ardea intermedia,L22473990,"MTDC Road, Moharli, Maharashtra, IN (20.19, 79.338)",2026-03-01 07:28,2.0,20.1899652,79.3382447,True,False,True,S304814733,
bkrfla1,Black-rumped Flameback,Dinopium benghalense,L22473990,"MTDC Road, Moharli, Maharashtra, IN (20.19, 79.338)",2026-03-01 07:28,2.0,20.1899652,79.3382447,True,False,True,S304814733,
litgre1,Little Grebe,Tachybaptus ruficollis,L2639081,Vetal Tekdi (Near ARAI),2026-03-01 07:17,4.0,18.527891,73.8174565,True,False,False,S304813792,
junmyn1,Jungle Myna,Acridotheres fuscus,L2639081,Vetal Tekdi (Near ARAI),2026-03-01 07:17,5.0,18.527891,73.8174565,True,False,False,S304813792,
brodro1,Bronzed Drongo,Dicrurus aeneus,L6969866,Vanoshi Forest Homestay,2026-03-01 07:06,1.0,15.722163,73.9789027,True,False,False,S304805013,
grtdro1,Greater Racket-tailed Drongo,Dicrurus paradiseus,L6969866,Vanoshi Forest Homestay,2026-03-01 07:06,1.0,15.722163,73.9789027,True,False,False,S304805013,
aspfly1,Indian Paradise-Flycatcher,Terpsiphone paradisi,L6969866,Vanoshi Forest Homestay,2026-03-01 07:06,1.0,15.722163,73.9789027,True,False,False,S304805013,
grnwar1,Green Warbler,Phylloscopus nitidus,L6969866,Vanoshi Forest Homestay,2026-03-01 07:06,1.0,15.722163,73.9789027,True,False,False,S304805013,
insbab1,Indian Scimitar-Babbler,Pomatorhinus horsfieldii,L6969866,Vanoshi Forest Homestay,2026-03-01 07:06,1.0,15.722163,73.9789027,True,False,False,S304805013,
brcful1,Brown-cheeked Fulvetta,Alcippe poioicephala,L6969866,Vanoshi Forest Homestay,2026-03-01 07:06,1.0,15.722163,73.9789027,True,False,False,S304805013,
whebul1,White-eared Bulbul,Pycnonotus leucotis,L17561512,T S Chanakya Birding Site,2026-03-01 07:03,2.0,19.0191141,73.0056559,True,False,False,S304817756,
blueth,Bluethroat,Luscinia svecica,L17561512,T S Chanakya Birding Site,2026-03-01 07:03,1.0,19.0191141,73.0056559,True,False,False,S304817756,
redava,Red Avadavat,Amandava amandava,L17561512,T S Chanakya Birding Site,2026-03-01 07:03,14.0,19.0191141,73.0056559,True,False,False,S304817756,
rutlar2,Rufous-tailed Lark,Ammomanes phoenicura,L59383659,"Waghapur, Maharashtra, IN (18.408, 74.12)",2026-03-01 07:00,5.0,18.40812,74.1196767,True,False,True,S304812338,
ascspl1,Ashy-crowned Sparrow-Lark,Eremopterix griseus,L59383659,"Waghapur, Maharashtra, IN (18.408, 74.12)",2026-03-01 07:00,7.0,18.40812,74.1196767,True,False,True,S304812338,
indbus2,Indian Bushlark,Plocealauda erythroptera,L59383659,"Waghapur, Maharashtra, IN (18.408, 74.12)",2026-03-01 07:00,2.0,18.40812,74.1196767,True,False,True,S304812338,
gyhbun1,Gray-necked Bunting,Emberiza buchanani,L59383659,"Waghapur, Maharashtra, IN (18.408, 74.12)",2026-03-01 07:00,4.0,18.40812,74.1196767,True,False,True,S304812338,
orihob2,Oriental Honey-buzzard,Pernis ptilorhynchus,L59385290,"Someshwar Waterfall Gangapur Road, Nashik, Maharashtra, IN (20.03, 73.723)",2026-03-01 06:37,1.0,20.030065,73.7225983,True,False,True,S304819453,
piekin1,Pied Kingfisher,Ceryle rudis,L59385290,"Someshwar Waterfall Gangapur Road, Nashik, Maharashtra, IN (20.03, 73.723)",2026-03-01 06:37,1.0,20.030065,73.7225983,True,False,True,S304819453,
boowar1,Booted Warbler,Iduna caligata,L59385290,"Someshwar Waterfall Gangapur Road, Nashik, Maharashtra, IN (20.03, 73.723)",2026-03-01 06:37,2.0,20.030065,73.7225983,True,False,True,S304819453,
rebfly,Red-breasted Flycatcher,Ficedula parva,L59385290,"Someshwar Waterfall Gangapur Road, Nashik, Maharashtra, IN (20.03, 73.723)",2026-03-01 06:37,1.0,20.030065,73.7225983,True,False,True,S304819453,
piebus1,Pied Bushchat,Saxicola caprata,L59385290,"Someshwar Waterfall Gangapur Road, Nashik, Maharashtra, IN (20.03, 73.723)",2026-03-01 06:37,2.0,20.030065,73.7225983,True,False,True,S304819453,
grywag,Gray Wagtail,Motacilla cinerea,L59385290,"Someshwar Waterfall Gangapur Road, Nashik, Maharashtra, IN (20.03, 73.723)",2026-03-01 06:37,1.0,20.030065,73.7225983,True,False,True,S304819453,
comros,Common Rosefinch,Carpodacus erythrinus,L59385290,"Someshwar Waterfall Gangapur Road, Nashik, Maharashtra, IN (20.03, 73.723)",2026-03-01 06:37,2.0,20.030065,73.7225983,True,False,True,S304819453,
padwar1,Paddyfield Warbler,Acrocephalus agricola,L59381891,"Adila River, next to Vaishnavi Heights, Solapur North, Solapur IN-Maharashtra 17.69176, 75.88012",2026-03-01 06:33,1.0,17.69176,75.880124,True,False,True,S304804130,
sttswa2,Streak-throated Swallow,Petrochelidon fluvicola,L59381891,"Adila River, next to Vaishnavi Heights, Solapur North, Solapur IN-Maharashtra 17.69176, 75.88012",2026-03-01 06:33,5.0,17.69176,75.880124,True,False,True,S304804130,
norsho,Northern Shoveler,Spatula clypeata,L3204714,Ekruk Lake,2026-03-01 06:26,2.0,17.7447628,75.9098625,True,False,False,S304811544,
norpin,Northern Pintail,Anas acuta,L3204714,Ekruk Lake,2026-03-01 06:26,5.0,17.7447628,75.9098625,True,False,False,S304811544,
paifra1,Painted Francolin,Francolinus pictus,L3204714,Ekruk Lake,2026-03-01 06:26,1.0,17.7447628,75.9098625,True,False,False,S304811544,
eucdov,Eurasian Collared-Dove,Streptopelia decaocto,L3204714,Ekruk Lake,2026-03-01 06:26,5.0,17.7447628,75.9098625,True,False,False,S304811544,
litsti,Little Stint,Calidris minuta,L3204714,Ekruk Lake,2026-03-01 06:26,1.0,17.7447628,75.9098625,True,False,False,S304811544,
indrol2,Indian Roller,Coracias benghalensis,L3204714,Ekruk Lake,2026-03-01 06:26,1.0,17.7447628,75.9098625,True,False,False,S304811544,
rehbun1,Red-headed Bunting,Emberiza bruniceps,L3204714,Ekruk Lake,2026-03-01 06:26,4.0,17.7447628,75.9098625,True,False,False,S304811544,
eabowl1,Eastern Barn Owl,Tyto javanica,L59300921,Chotan's Dongar,2026-03-01 01:46,2.0,17.5477937,73.5206141,True,False,True,S304716456,
